post_id,post_date,is_published,email_sent_at,inbox_sent_at,type,audience,title,subtitle,podcast_url
181954620.9b5,,false,,,newsletter,only_paid,,,
181860842.the-peoples-house-how-nashville-metro,2025-12-17T13:30:41.562Z,true,2025-12-17T13:30:41.721Z,2025-12-17T13:30:41.721Z,newsletter,everyone,The People's House: How Nashville Metro Council Is Starting To Reclaim Democratic Oversight from an Autocratic Mayor's Office,"After a bruising night of victories over surveillance, workplace reform, and homeless services accountability, Metro Council must now step into the explicit power they've rediscovered‚Äîand use it.",
181814874.manaen-hall-is-not-a-council-member,2025-12-16T18:36:26.616Z,false,2025-12-16T18:36:27.031Z,2025-12-16T18:36:27.031Z,adhoc_email,only_paid,"Manaen Hall is not a Council Member, yet.",Quick correction,
181806338.dispatch-from-the-december-15th-budget,2025-12-16T18:32:23.781Z,true,2025-12-16T18:32:23.962Z,2025-12-16T18:32:23.962Z,newsletter,everyone,Dispatch from the December 15th Budget and Finance Committee Meeting,What happened last night,
181632086.surveillance-mou-there-is-no-amending,2025-12-15T13:31:15.699Z,true,2025-12-15T13:31:15.852Z,2025-12-15T13:31:15.852Z,newsletter,everyone,"{Surveillance MOU} There Is No Use Amending the MOU Resolution, CMs Attempts To Fix It are Making It Worse","Metro Council has 100% oversight over DMC funds. It has 0% oversight over NDP funds. If Metro leaders want to exert oversight on these funds, they should do nothing.",
181607773.the-leaders-nashville-needs-are-being,2025-12-14T18:57:36.033Z,true,2025-12-14T18:57:36.223Z,2025-12-14T18:57:36.223Z,newsletter,everyone,The Leaders Nashville Needs Are Being Recognized,Three young leaders are showing what it takes to design a Nashville we want to stay in.,
181392133.jesus-urbanist-cities-of-shalom-not,2025-12-12T14:03:20.917Z,true,2025-12-12T14:03:21.267Z,2025-12-12T14:03:21.267Z,newsletter,everyone,"FWD: Jesus Urbanist: Cities of Shalom, not Surveillance",Surveillance is not morally neutral.,
181387862.thanksgiving-mou-mnpd-slipped-in,2025-12-15T19:00:35.568Z,true,2025-12-15T19:00:35.742Z,2025-12-15T19:00:35.742Z,newsletter,everyone,Breaking: Same Exec Who Literally Signed Fusus Contracts With Chief Drake Now Has New Surveillance Company in Mayor's MOU,MNPD Chief Signed Fusus Contracts Alongside Executive Surveillance Tech Earmarked In Opaque Legislation Slipped onto Council's Docket Just Before Holiday,
181285061.when-metro-arts-paid-artists-as-vendors,,false,,,newsletter,only_paid,,,
181151328.nashville-banner-evicted-in-nashville,2025-12-09T16:04:58.584Z,true,2025-12-09T16:04:58.947Z,2025-12-09T16:04:58.947Z,newsletter,everyone,"Nashville Banner | Evicted in Nashville: How Tenants, Landlords and the Courts Face the Housing Crisis","More than 1,000 people each month face losing their home; here‚Äôs how the city is responding to the problem",
181144094.2e3,,false,,,newsletter,only_paid,,,
180796980.decorum-applies-to-me-too,2025-12-05T16:31:23.531Z,true,2025-12-05T16:31:23.704Z,2025-12-05T16:31:23.704Z,newsletter,everyone,Decorum applies to me too,It's on brand for me to acknowledge when I don't live up to my own standards,
180753721.bb6,,false,,,newsletter,only_paid,,,
180674150.the-surveillance-mou-leaked-records,2025-12-04T13:31:40.793Z,true,2025-12-04T13:31:41.003Z,2025-12-04T13:31:41.003Z,newsletter,everyone,{Thanksgiving MOU} State Records Reveal Nashville Downtown Partnership Was Never Getting the $15M,"The real ""misinformation"" at the heart of Freddie's deal with NDP",
180666871.stray-notes-on-nashvilles-homelessness,2025-12-04T05:14:23.987Z,false,,,newsletter,everyone,Stray Notes on Nashville's Homelessness Strategy,Just posting this here so I don't lose it.,
180570292.dont-let-electoralism-convince-you,2025-12-03T06:20:47.772Z,true,2025-12-03T06:20:47.936Z,2025-12-03T06:20:47.936Z,newsletter,everyone,"Don't Let ""Electoralism"" Convince You Yesterday Was A Defeat in District 7 ",Aftyn‚Äôs slogan was not a promise. Its an instruction manual. ,
180530994.new-surveillance-tech-requires-a,2025-12-02T19:42:16.467Z,true,2025-12-02T19:42:16.700Z,2025-12-02T19:42:16.700Z,newsletter,everyone,"New surveillance tech requires a public hearing. But our politicians are pretending it's ""not surveillance."" ","But we're the ones spreading ""misinformation""...",
180481712.award-winning-truthoutorg-published,2025-12-03T20:42:39.962Z,true,2025-12-03T20:42:40.133Z,2025-12-03T20:42:40.133Z,newsletter,everyone,Award Winning Truthout.org Published My Reporting About Freddie's Surveillance MOU,"My concerns about Freddie's surveillance MOU, many of the same issues the Mayor's Office has called ""misinformation,"" was reviewed by professional editors and fact checkers.",
180449148.remind-me-what-time-youre-voting,2025-12-01T22:24:33.133Z,true,2025-12-01T22:24:33.423Z,2025-12-01T22:24:33.423Z,newsletter,everyone,Remind me what time you're voting tomorrow?,"District 7, if you didn't early vote, get to the polls tomorrow!",
180444437.i-was-hoping-national-surveillance,,false,,,newsletter,only_paid,,,
180442511.3e4,,false,,,newsletter,only_paid,,,
180353063.debunking-the-mayors-offices-surveillance,2025-12-01T13:45:34.774Z,true,2025-12-01T13:45:34.964Z,2025-12-01T13:45:34.964Z,newsletter,everyone,"The Mayor's Office Calls Surveillance Reporting ""Misinformation."" Here's What the Documents Actually Say.","Does the Mayor's Office only claim to care about NDP ""oversight"" when it facilitates controversial surveillance tech it couldn't get through Council?",
180228745.sorry-who-asked-for-the-armored-vehicle,,false,,,newsletter,everyone,,,
180083598.misinformation-or-inconvenient-truth,,false,,,newsletter,everyone,,,
179998581.ibm-the-holocaust-and-oracle,2025-11-26T06:45:50.357Z,true,,,newsletter,everyone,"IBM, The Holocaust, And Oracle","In 1977, Larry Ellison and his start-up co-founders spun a CIA contract called ‚ÄúProject Oracle‚Äù into the company it is today.",
179971483.from-the-makers-of-fusus-literally,2025-11-26T14:30:49.232Z,true,2025-11-26T14:30:49.400Z,2025-11-26T14:30:49.400Z,newsletter,everyone,"From the Makers of Fusus (literally): Meet ""LeoSight"" | Mayor's MOU Resurrects Rejected Surveillance Tools Under New Branding",The former Chief Revenue Officer of FUSUS started a company in March. Now they're up for a piece of the $15M the Mayor wants to give the Nashville Downtown Partnership. Funny how that works.,
179891086.no-means-no-freddie-the-mayors-office,2025-11-25T22:00:31.806Z,true,2025-11-25T22:00:32.080Z,2025-11-25T22:00:32.080Z,newsletter,everyone,"""No"" means ""No"", Freddie. The Mayor's Office is trying to pass FUSUS on steroids while you're on Thanksgiving break.","Write to your council member and tell them no public safety technology without our consent. Surveillance of us, without us, isn't for us.",
179737560.sunday-rewind-freddie-oconnell-strong,2025-11-23T18:35:32.838Z,true,2025-11-23T18:35:32.977Z,2025-11-23T18:35:32.977Z,newsletter,everyone,Sunday Rewind | Freddie O'Connell: 'Strong Communities are better for safety than a surveillance state' and other things he reversed course on.,Revisiting Mayor O'Connell's former anti-surveillance positions is becoming relevant yet again.,
179736906.sunday-rewind-axons-fusus-is-a-bad,,false,,,adhoc_email,only_paid,,,
179489897.an-open-letter-to-metro-council-surrendering,,false,,,newsletter,everyone,,,
179314426.null_results-she-says-she-talked,2025-11-19T14:30:58.473Z,true,2025-11-19T14:30:58.635Z,2025-11-19T14:30:58.635Z,newsletter,everyone,{Null_Results}: She says she talked to the Mayor about OHS' lack of follow through on her housing. The Mayor's Office says it wasn't him.,One mother's fight for housing reveals what Nashville stands to lose as Metro Council prepares to hand every department to the Mayor,
179294340.the-rules-of-enragement,,false,,,newsletter,only_paid,,,
179028119.taking-a-breath-and-saying-what-im,2025-11-16T14:30:38.340Z,true,2025-11-16T14:30:39.588Z,2025-11-16T14:30:39.588Z,newsletter,everyone,"Taking a breath and saying what I'm grateful for. Thank you, Sensei!","From bench builders to Aftyn Behn, here are six things happening in Nashville that give me hope instead of heartburn",
178911280.nashville-leaders-your-time-is-up,2025-11-14T18:58:11.480Z,true,2025-11-14T18:58:11.799Z,2025-11-14T18:58:11.799Z,newsletter,everyone,Nashville Leaders: Your time is up. Come to the table on homelessness. Or get out of the goddamn way.,"This morning the Feds made this crisis very, very real.",
178804409.early-voting-is-open-now-through,2025-11-13T16:36:24.654Z,true,2025-11-13T16:36:24.845Z,2025-11-13T16:36:24.845Z,newsletter,everyone,Early voting is open NOW through November 26th for Tennessee‚Äôs 7th Congressional District special election. Election Day is December 2nd.,"If you live in the 7th District (parts of Nashville, Williamson County, Montgomery County, Clarksville, and 11 other counties), you can vote for Aftyn Behn starting today.",
178766813.ohs-director-admits,,false,,,newsletter,only_paid,,,
178723630.my-open-letter-to-homeless-services,2025-11-12T19:31:02.682Z,true,2025-11-12T19:31:02.898Z,2025-11-12T19:31:02.898Z,newsletter,everyone,My Open Letter to Homeless Services Director Calvin,I gave public comment today at the Homelessness Planning Council Meeting and follow-up with an email to Office of Homeless Services Director April Calvin you can read here,
178659618.7f8,,false,,,newsletter,only_paid,,,
178549584.i-cannot-compromise-my-integrity,2025-11-11T13:31:46.053Z,true,2025-11-11T13:31:46.266Z,2025-11-11T13:31:46.266Z,newsletter,only_paid,{Null_Results} ‚ÄúI Cannot Compromise My Integrity‚Äù: Case Manager Resigned After OHS Partnership Created Ethical Conflicts,A resignation letter obtained by {Rich Text} reveals that a Step Up case manager quit in October 2025 after witnessing homeless families ‚Äúrepeatedly re-victimized‚Äù through OHS‚Äôs promises,
178546748.f4a,,false,,,newsletter,only_paid,,,
178456949.null_results-text-messages-reveal,2025-11-10T03:58:32.513Z,true,2025-11-10T13:30:50.095Z,2025-11-10T13:30:50.095Z,newsletter,only_paid,{Null_Results} Text Messages Reveal OHS Director Hand-Picked Which Families to Receive Housing,"As part of Nashville‚Äôs ‚ÄúNon-Traditional Rapid Rehousing‚Äù aka ""MRRF"", Office of Homeless Services Director Calvin had the final say of who was promised ""a year of free housing"" and a voucher.",
178440728.marcus-parks-be-like-josepf-hartinger,2025-11-09T20:36:02.281Z,true,2025-11-09T20:36:02.485Z,2025-11-09T20:36:02.485Z,podcast,everyone,"Marcus Parks: ""Be like Josepf Hartinger. Be one of the 100 in your state, city or even neighborhood that stands up.""","Last Podcast on the Left Host reminds us that America is inherently anti-fascist, and while using violence to fight fascism is precisely what the fascists need you to be, the way to resist is clear.",
178194588.null_results-apparent-86k-procurement,2025-11-06T19:13:43.967Z,true,2025-11-06T19:13:44.122Z,2025-11-06T19:13:44.122Z,newsletter,only_paid,{Null_Results}: Apparent $86K Procurement Violation Furnished Developer's Building with Wayfair‚Äî OHS's Placements Still Got Evicted,"Within an average of 7 months, at least ten people were evicted from the affordable housing facility through court order after the facility received funding from Metro Nashville.",
178055115.being-competent-and-compassionate,2025-11-05T13:25:37.731Z,true,2025-11-05T13:25:37.878Z,2025-11-05T13:25:37.878Z,newsletter,everyone,Being Compassionate AND Competent Is Cool Again | Here's how you can help during the SNAP Freeze,You don't have to identify as a Democratic Socialist to see which way the winds are blowing.,
177957025.876,,false,,,newsletter,only_paid,,,
177693322.join-the-investigation,2025-11-04T14:30:59.777Z,true,2025-11-04T14:30:59.943Z,2025-11-04T14:30:59.943Z,newsletter,everyone,Why did Nashville's Homeless Services Pay An Apartment Complex $90K While It Evicted 30+ Residents‚ÄîIncluding Those It Paid to Be There?,And other questions I need your support in answering.,
177487096.nyt-utah-building-involuntary-treatment,2025-10-29T16:45:20.182Z,false,2025-10-29T16:45:20.418Z,2025-10-29T16:45:20.418Z,adhoc_email,only_paid,"NYT: Utah Building Involuntary Treatment Campus for Homeless, Reflecting Trump's Policy Vision","""State officials promise large-scale involuntary addiction and mental health treatment at Salt Lake City‚Äôs edge. Critics see ‚Äúa prison, or a warehouse.‚Äù""",
177485701.nyt-utah-building-involuntary-treatment,,false,,,newsletter,only_paid,,,
177399551.open-questions-about-nashvilles-secret,,false,,,newsletter,only_paid,,,
177381007.uncovered-nashvilles-secret-homelessness,2025-10-28T15:44:26.480Z,true,2025-10-28T15:44:26.788Z,2025-10-28T15:44:26.788Z,newsletter,everyone,Uncovered: Nashville's Secret Homelessness System Outside of Any Oversight (...Except the Mayor),Nashville Scene: City Records Show ‚ÄòNon-Traditional‚Äô Housing Program Expanding Under OHS Director,
177346617.ongoing-investigation-the-human-cost,,false,,,newsletter,only_paid,,,
177295766.how-i-uncovered-nashvilles-secret,,false,,,newsletter,only_paid,,,
176863395.oracle-was-not-the-first-company,2025-10-23T14:02:38.043Z,true,2025-10-23T14:02:38.191Z,2025-10-23T14:02:38.191Z,newsletter,everyone,Oracle: TN's New Firm Was Not the First Tech Company to Profit from Ethnic Cleansing,"The company that Oracle based its core technology on, and who set the groundwork for ""data processing"", made millions in the 1940s. In Germany.",
176843162.the-nashville-mayors-office-has-removed,2025-10-22T17:06:38.741Z,true,2025-10-22T17:06:38.946Z,2025-10-22T17:06:38.946Z,newsletter,everyone,The Nashville Mayor‚Äôs Office has removed all email addresses for its employees from Nashville.gov,"""Choose How You Move"" Questioners discovered the change while trying to get answers about the alleged free bus passes paid for new taxes.",
176709389.oracle-10-facts-nashville-needs-to,2025-10-21T04:18:20.235Z,true,2025-10-21T13:27:43.999Z,2025-10-21T13:27:43.999Z,newsletter,everyone,Oracle: 10 Facts Nashville Needs to Know Before We Let Them Move Here,San Diego Did It. Boston Did It. Portland Did It. Nashville's Turn to Say No to Mass Surveillance. ,
176659916.ibm-the-holocaust-and-oracle-preview,2025-10-20T17:17:42.200Z,false,2025-10-20T17:17:42.690Z,2025-10-20T17:17:42.690Z,adhoc_email,only_paid,"IBM, The Holocaust, And Oracle: Preview of Upcoming Post",An excerpt from an upcoming post I'm sharing with paid readers only,
176659699.ibm-the-holocaust-and-oracle-preview,,false,,,newsletter,only_paid,,,
176575325.repost-how-i-became-a-polulist,,false,,,newsletter,only_paid,,,
176434835.data-dump-2818m-two-months-of-metro,2025-10-17T19:05:13.376Z,true,2025-10-17T19:05:13.752Z,2025-10-17T19:05:13.752Z,newsletter,everyone,Data Dump: $281.8M // Two Months of Metro Nashville's Financial History,July and August 2025 Transaction History for Metro Nashville Now Available,
176434607.a14,,false,,,newsletter,only_paid,,,
176254517.dfb,,false,,,newsletter,only_paid,,,
176153801.ee7,,false,,,newsletter,only_paid,,,
175910946.fwd,,false,,,newsletter,only_paid,,,
175721122.i-scratch-that-we-won-nashville-scenes,2025-10-09T16:13:08.898Z,true,2025-10-09T16:13:09.197Z,2025-10-09T16:13:09.197Z,newsletter,everyone,"IÃ∂ (scratch that) WE Won Nashville Scene's ""Best Metro Watchdog""","Recognition is a vital step towards broader systems change, and I'm very honored that The Scene has recognized the importance of this healthy feedback loop we've all built together here.",
175647295.why-nashville-should-define-its-opposition,2025-10-08T21:32:59.379Z,true,2025-10-08T21:32:59.562Z,2025-10-08T21:32:59.562Z,newsletter,everyone,Why Nashville Should Define Its Opposition to the Gaza War,Before antisemitic conspiracy theorists do it for us.,
175588173.lets-freakin-go-yall,,false,,,newsletter,only_paid,,,
175547980.why-we-must-define-our-opposition,,false,,,newsletter,only_paid,,,
175461320.a-gift-to-oracle-not-to-appease-but,,false,,,newsletter,only_paid,,,
175461214.what-time-are-you-voting-tomorrow,2025-10-06T19:19:28.223Z,false,2025-10-06T19:19:28.367Z,2025-10-06T19:19:28.367Z,adhoc_email,only_paid,What time are you voting tomorrow?,"If you're in TN US District 7, get to the polls tomorrow if you haven't already!",
175461102.what-time-are-you-voting-tomorrow,,false,,,newsletter,only_paid,,,
175353589.tuesdays-your-last-chance-in-district,2025-10-05T17:02:25.297Z,false,2025-10-05T17:02:25.460Z,2025-10-05T17:02:25.460Z,adhoc_email,only_paid,Tuesday's Your Last Chance In District 7 Primary,"Polls are closed on Monday ‚Äî if you didn't make it to early voting, make a plan now to vote on Tuesday.",
175353480.tuesday-primary-is-your-only-chance,,false,,,newsletter,only_paid,,,
175226058.829,,false,,,newsletter,only_paid,,,
175224133.a-quick-correction-to-last-posts,2025-10-03T19:42:48.773Z,true,2025-10-03T19:42:48.930Z,2025-10-03T19:42:48.930Z,newsletter,everyone,"A quick correction to last post's subtitle, and a definition I was asked for","My article on Oracle was missing the ""without"" that made it matter. And an answer to: What is TechnoFutilism?",
175220086.a-quick-correct-to-last-subtitle,,false,,,adhoc_email,only_paid,,,
175220049.2a0,,false,,,adhoc_email,only_paid,,,
175134934.an-honest-question-my-new-series,2025-10-02T19:38:28.157Z,true,2025-10-02T19:38:28.514Z,2025-10-02T19:38:28.514Z,newsletter,everyone,an honest question | my new series,"I am starting a new series tomorrow. As a preview, I have a simple question. Do you know the answer?",
175062068.who-is-larry-ellison-and-what-does-c6c,2025-10-22T14:15:57.104Z,true,2025-10-22T14:15:57.257Z,2025-10-22T14:15:57.257Z,newsletter,everyone,"Who is Larry Ellison? And what does his company, Oracle, want from Nashville? Part 2","TN & Metro Nashville have awarded Oracle $240M to move to the city. Has anyone asked them what, precisely, they would be doing here?",
175051724.who-is-larry-ellison-and-what-does,2025-10-03T13:15:38.287Z,true,2025-10-03T13:15:39.153Z,2025-10-03T13:15:39.153Z,newsletter,everyone,What exactly does Oracle want to do in Nashville? Part 1/2,Oracle left CA for TX in 2020. Now they're coming to Nashville. But only after TN changed its law to allow data processors like Oracle to give data to law enforcement without a warrant.,
174974908.who-is-larry-ellison-and-what-does,,false,,,newsletter,everyone,,,
174874107.why-cant-we-have-nice-things,2025-09-29T22:42:10.165Z,true,2025-09-29T22:42:10.492Z,2025-09-29T22:42:10.492Z,newsletter,everyone,Why can't we have nice things?,Nashville's delightful DIY bench project has a theft issue,
174787755.nashville-has-the-most-power-to-stop,,false,,,newsletter,only_paid,,,
174541007.the-only-politician-i-would-ever,2025-10-05T14:15:21.680Z,true,2025-10-05T14:15:21.837Z,2025-10-05T14:15:21.837Z,newsletter,everyone,The Only Politician That's Got My Endorsement,Aftyn Behn is doing governing right. Conservatives and the Municipal Left understand why. She's the only choice for Tuesday's Oct 7 Primary.,
174451008.metro-will-audit-the-office-of-homeless,2025-09-24T17:15:07.834Z,true,2025-09-24T17:15:07.969Z,2025-09-24T17:15:07.969Z,newsletter,everyone,Metro Will Audit The Office of Homeless Services,Yesterday‚Äôs crowded Audit Committee Meeting Room was Democracy in Action,
174396483.nashville-scene-city-to-audit-office,,false,,,newsletter,everyone,,,
174259144.one-email-today-could-change-everything,2025-09-22T17:12:32.052Z,true,2025-09-22T17:12:32.174Z,2025-09-22T17:19:24.331Z,newsletter,everyone,1 Minute to Demand Accountability: Email the Audit Committee Now,Can you send a quick email? An important local oversight function needs your support before tomorrow.,
174220303.my-full-interview-had-some-four-letter,,false,,,podcast,only_paid,,,
174220255.6cd,,false,,,newsletter,only_paid,,,
174220247.510,,false,,,podcast,only_paid,,,
174178750.a-weekend-of-rage-and-hope,2025-09-21T20:47:52.279Z,true,2025-09-21T20:47:52.396Z,2025-09-21T20:47:52.396Z,newsletter,everyone,A weekend of Rage and Hope,"How Ordinary Nashvillians Are Building the City They Need, One Bench at a Time",
174115434.why-im-terrible-at-asking-for-money,,false,,,newsletter,only_paid,,,
174048110.why-support-independent-media-like,,false,,,newsletter,only_paid,,,
173950257.boycott-avelo-why-im-paying-more,2025-09-18T18:47:38.976Z,true,2025-09-18T18:47:39.147Z,2025-09-18T18:47:39.147Z,newsletter,everyone,Boycott Avelo: Why I'm paying more to fly to Rochester,"The patriotic, law & order, capitalist reasons I'm protesting this Saturday and voting with my dollars the next time I fly.",
173912980.current-affairs-the-left-is-always,2025-09-18T12:30:48.350Z,true,2025-09-18T12:30:48.479Z,2025-09-18T12:30:48.479Z,newsletter,everyone,Current Affairs: The Left is Always Right Too Early,A restack of an article I keep thinking about,
173677465.how-to-escape-tyranny-and-make-new,2025-09-16T17:23:22.253Z,true,2025-09-16T17:23:22.404Z,2025-09-16T18:23:22.932Z,newsletter,everyone,"Breaking: Local Political Analyst Has Existential Crisis, Writes Magic Trick",An Experiment in Seeing Whether Literature Can Change What Journalism Can't ,
173677362.41d,,false,,,newsletter,only_paid,,,
173185568.i-am-not-nashvilles-political-tech,2025-09-09T15:32:37.234Z,true,2025-09-09T15:32:37.388Z,2025-09-09T15:32:37.388Z,newsletter,everyone,Mantra: I Am Not Nashville's Political Tech Support.,But neither is the Mayor's Office.,
173047873.get-in-losers-were-doing-something,,false,,,newsletter,only_paid,,,
172963695.city-cast-nashville-had-me-on-to,2025-09-06T17:08:22.567Z,true,,,newsletter,everyone,City Cast Nashville Had Me on to Talk OHS and Aardwolves,"Listen to the latest episode of City Cast to find out what I'm doing Saturday night. I'll just tell you now actually, going to monster trucks!",
172684723.nashvilles-homeless-services-faces,2025-09-04T14:46:45.046Z,true,2025-09-04T14:46:45.133Z,2025-09-04T14:46:45.133Z,newsletter,everyone,Nashville's Homeless Services Faces an Audit Over Extraordinary Claims | What Broke in the Accountability Chain?,CM O'Connell's pitch on Twitter to create The Office of Homeless Service was to stop senseless ineffective approaches to homelessness pushed by the Mayor's Office. ,
172611247.the-tensions-are-the-point,,false,,,newsletter,only_paid,,,
172611136.freddie-oconnell-broke-nashvilles,,false,,,newsletter,only_paid,,,
172590651.vibe-clash,,false,,,newsletter,only_paid,,,
172538466.freddie-oconnell-broke-nashvilles,,false,,,newsletter,only_paid,,,
172366482.get-in-loser-were-doing-something,,false,,,newsletter,everyone,,,
172191647.exec-director-of-depaul-usa-strobel,2025-08-28T18:20:55.852Z,true,2025-08-28T18:20:55.960Z,2025-08-28T18:20:55.960Z,newsletter,everyone,"Exec. Director of Depaul USA, Strobel House Operator, Resigns After Concerning Revelations","The ED's resignation came after attention to contract irregularities, unreported incidents of assault, and fire at Strobel House",
172141626.on-citing-ai-generated-work-transparently,2025-08-28T13:03:39.367Z,true,2025-08-28T13:03:39.489Z,2025-08-28T13:03:39.489Z,newsletter,everyone,On Citing AI-Generated Work Transparently,"A break from yelling at clouds, a detour for a tool to hold ourselves accountable",
171619020.prelude-the-dialectics-of-homelessness,2025-08-22T13:45:23.116Z,true,2025-08-22T13:45:23.250Z,2025-08-22T14:45:24.121Z,newsletter,everyone,Between the Celebration and the Crisis: A Tale of Two Nashvilles on One Thursday,"A multi-part exploration of Nashville's homelessness spending, and how COVID-19 relief funds turned homelessness into a boom industry",
171535813.nashville-spent-428-more-on-homeless,,false,,,newsletter,only_paid,,,
171344469.they-only-discovered-the-problem,2025-08-19T14:30:45.686Z,true,2025-08-19T14:30:45.822Z,2025-08-19T14:30:45.822Z,newsletter,everyone,"They Only ""Discovered"" the $500k Payment Issues When I Found It By Accident","How Months of Fighting Metro's Information Blockade Exposed $500k in Backdated Invoices, Alarming Financial Bypasses, and a Government That Charges Citizens $4,500 to Read Its Laws",
171317628.b00,,false,,,newsletter,only_paid,,,
171292578.nashvilles-homelessness-budget-increased,,false,,,newsletter,everyone,,,
170812422.rules-of-engageragement,,false,,,newsletter,only_paid,,,
170694573.the-center-will-always-fold,2025-08-12T13:30:31.613Z,true,2025-08-12T13:30:31.764Z,2025-08-12T14:00:32.172Z,newsletter,everyone,The Center Will Always Fold,"Purportedly ""Progressive"" leaders across Nashville perpetuate a dangerous self-aggrandizing victim complex that plays into authoritarian hands",
170624866.progressive-centrism-and-nashvilles,,false,,,newsletter,only_paid,,,
170321769.thanks-so-much-for-supporting-this,2025-08-07T01:25:26.093Z,false,2025-08-07T01:25:26.270Z,2025-08-07T01:25:26.270Z,adhoc_email,only_paid,Thanks so much for supporting this work!,We've done some cool stuff. I want to know what you'd like to see and any ways you'd want to be involved,
170018381.why-im-building-something-newfor,2025-08-06T13:45:16.924Z,true,2025-08-06T13:45:17.020Z,2025-08-06T13:45:17.020Z,newsletter,everyone,Why I‚Äôm building something new‚Äîfor all of us,A proposal for local social design infrastructure in the age of broken systems and silent collapse.,
168595217.convo-w-micheleflynn-why-should-we,2025-07-17T22:35:08.837Z,true,2025-07-17T22:35:08.972Z,2025-07-17T22:35:08.972Z,newsletter,everyone,Convo w/ @micheleflynn: 'Why should we all care that Metro Council just voted to merge the Gulch Business District with the Downtown Partnership?',The Rise of Nashville‚Äôs Private Government‚Äîand the Public Cost,
168577436.time-off,2025-07-18T17:46:27.620Z,true,2025-07-18T17:46:27.823Z,2025-07-18T17:46:27.823Z,newsletter,everyone,Time off,üßòüèº·∂ª ùóì ê∞ÅüíÜüèª‚Äç‚ôÇÔ∏èüåû üåä,
168420934.important-correction-to-something,2025-07-15T20:53:27.949Z,false,2025-07-15T20:53:28.097Z,2025-07-15T20:53:28.097Z,adhoc_email,only_paid,Important correction to something on the mini-site in my last email,Thankfully there were no injuries.,
168420762.important-correction-to-last-post,,false,,,newsletter,only_paid,,,
168403758.council-votes-tonight-on-whether,2025-07-15T18:56:59.940Z,true,2025-07-15T18:57:00.063Z,2025-07-15T18:57:00.063Z,newsletter,everyone,Council Votes Tonight on Whether To Reward Downtown Partnership After Decades of No Oversight on $60M+,What's the worst that could happen given the explosive revelations of late when it comes to DTP and Council's entangled history?,
168360496.piercing-the-corporate-veil-of-ndps,,false,,,newsletter,everyone,,,
168359867.714,,false,,,newsletter,only_paid,,,
168315434.should-we-make-this-platform-for,,false,,,newsletter,only_paid,,,
168314260.e44,,false,,,newsletter,only_paid,,,
168167858.read-office-of-homeless-services,2025-07-13T15:00:59.832Z,true,2025-07-13T15:00:59.942Z,2025-07-13T15:00:59.942Z,newsletter,everyone,Read: Office of Homeless Services' Email To Metro Council re: My Data Dump of Their Financials,Read the response OHS Provided to Metro Council to this weeks release of two years of their financials.,
168040276.unseen-photos-and-video-of-possible,,false,,,newsletter,only_paid,,,
168034445.downtown-partnerships-specially-assessed,2025-07-11T11:31:26.615Z,true,2025-07-11T11:31:26.712Z,2025-07-11T11:31:26.712Z,newsletter,everyone,Downtown Partnership's Specially Assessed Nonsense‚Ñ¢,When and Why did Metro Council Give Up Its Oversight over $Millions of Business Improvement District Funds?,
167880997.link-included-this-time-ohs-data,2025-07-09T05:06:49.563Z,false,2025-07-09T05:06:49.728Z,2025-07-09T05:06:49.728Z,adhoc_email,only_paid,‚ö†Ô∏è üîó Link Included this Time | OHS Data Dump | FY24 & FY25 financial records released,"Same as prior email, but actually with the link to the thing I wanted you to see.",
167875937.ohs-data-dump-fy24-and-fy25-financial,2025-07-09T04:58:19.747Z,true,2025-07-09T04:58:19.859Z,2025-07-09T04:58:19.859Z,newsletter,everyone,OHS Data Dump | FY24 & FY25 financial records released,The Raw Ingredients for a Community Audit of The Office of Homeless Services‚ÄîBecause Public Money Deserves Public Oversight,
167746148.why-we-have-to-talk-about-what-nashville,2025-07-07T19:37:54.232Z,true,2025-07-07T19:37:54.490Z,2025-07-07T19:37:54.490Z,newsletter,everyone,Why We Have To Talk About What Nashville Ignores,How TN Prototyped the Big Beautiful Bill and We Never Discuss It,
167620701.the-rules-of-engagement,,false,,,newsletter,only_paid,,,
167476519.time-is-the-whip-we-hold,2025-07-04T14:02:48.761Z,true,2025-07-04T14:02:48.901Z,2025-07-04T14:02:48.901Z,newsletter,everyone,Time Is The Whip We Hold,Art and Poetry for you today. ‚åõ üá∫üá∏,
167308106.any-coordinated-process-for-serving,2025-07-02T11:57:13.188Z,true,2025-07-02T11:57:13.286Z,2025-07-02T11:57:13.286Z,newsletter,everyone,Nashville's Coordinated Process for Serving the Homeless Goes Out with a Bang,Fallout of Music City's patriotic combustibles have set a fuse that may end Metro's consolidation of control over the Continuum of Care.,
167298712.20-housing-must-flow,,false,,,newsletter,only_paid,,,
167118613.the-housing-must-flow,,false,,,newsletter,everyone,,,
166838119.028,,false,,,newsletter,only_paid,,,
166338514.i-invented-a-disclosure-system-for,,false,,,newsletter,only_paid,,,
166039743.laughing-our-beyond-the-end-of-history,,false,,,adhoc_email,only_paid,,,
165952280.what-if-yesterdays-anti-trump-protests,2025-06-15T14:04:17.698Z,true,2025-06-15T14:04:17.838Z,2025-06-15T14:04:17.838Z,newsletter,everyone,"What if anti-Trump protests are an exercise in state sponsored ""managed conflict""? And why that wouldn't matter...",How we can weaponize sincerity and absurdity against forces that aim to institutionalize nihilism.,
165483515.am-i-spreadingfake-news-or-just-uncomfortable,2025-06-08T21:11:01.726Z,true,2025-06-08T21:11:01.838Z,2025-06-08T21:11:01.838Z,newsletter,everyone,"Am I spreading ""Fake News"", or just Uncomfortable Truths? ",What Would it Take to Rebuild Trust in One of Nashville's Most Complex Systems?,
165418133.my-feelings-about-being-called-fake,,false,,,newsletter,only_paid,,,
165346024.tension-at-the-edge-of-chaos,,false,,,newsletter,only_paid,,,
165244706.9f4,,false,,,newsletter,only_paid,,,
164660454.i-talked-about-the-office-of-homeless,2025-05-28T17:11:39.198Z,true,2025-05-28T17:11:39.333Z,2025-05-28T17:11:39.333Z,newsletter,everyone,I talked about The Office of Homeless Services on Today's City Cast Podcast Episode,"Whitney Pastorek had Kennetha Patterson, Chair of the Executive Committee of the Homelessness Planning Council (HPC), and me on Nashville's City Cast podcast to discuss the Office of Homeless Services",
164564211.nyt-and-404-media-ice-and-lprs-the,2025-05-27T14:58:41.229Z,true,2025-05-27T14:58:41.310Z,2025-05-27T14:58:41.310Z,newsletter,everyone,"NYT and 404 Media: ICE & LPRs, the Intersection of Surveillance And Immigration","Articles in Major Publications Today Unpack the Role of Local Law Enforcement, Surveillance in National & Local Crises of Disappeared Neighbors",
163954963.copy-updates-corrections-clarifications,,false,,,newsletter,everyone,,,
163950805.updates-corrections-clarifications,2025-05-19T20:12:12.881Z,true,2025-05-20T15:02:12.551Z,2025-05-20T15:02:12.551Z,newsletter,everyone,Housing Last | The Rodeway to Nowhere; Follow-up Thread,"Modifications to ""Housing Last | The Rodeway to Nowhere"" since publishing consolidated here for transparency",
163865780.housing-last-the-rodeway-to-nowhere,2025-05-18T18:33:35.343Z,false,2025-05-18T18:33:35.414Z,2025-05-18T18:33:35.414Z,adhoc_email,only_paid,Housing Last | The Rodeway to Nowhere,The Cruel Illogic of Encampment Closures Without New Housing,
163752162.housing-last-what-problem-are-they,2025-05-18T16:02:25.701Z,true,2025-05-18T16:02:25.813Z,2025-05-18T16:02:25.813Z,newsletter,everyone,Housing Last | The Rodeway to Nowhere,The Cruel Illogic of Encampment Closures Without New Housing,
163057954.nashville-ice-detainee-recounts-thp,2025-05-07T17:01:36.193Z,true,2025-05-07T17:01:36.295Z,2025-05-07T17:01:36.295Z,newsletter,everyone,"Nashville ICE Detainee Recounts THP Encounter, Alleges Coerced Self-Deportation, Money Stolen by Ice Agents",One of this weekend's detainees from Nashville's massive ICE raid made contact with their employer. The story should concern even anti-immigration's biggest supporters. ,
163027385.11f,,false,,,newsletter,only_paid,,,
162852549.can-you-help-identify-the-disappeared,2025-05-05T01:22:44.285Z,true,2025-05-05T01:22:44.423Z,2025-05-05T01:22:44.423Z,newsletter,everyone,Can you help identify the disappeared Nashvillians from last night's ICE raid?,"The Feds have told us nothing. We need answers, starting with ""who's gone?"" ",
162341628.fusus-put-off-because-of-erosions,2025-04-28T19:32:12.015Z,true,2025-04-28T19:32:12.145Z,2025-04-28T19:32:12.145Z,newsletter,everyone,"Fusus put off because of ""erosions in the rule of law at the federal level""",Council Members' and Mayor's Office Concerns Too Great to Overcome ,
162168924.housing-last-notoriety-is-the-best,,false,,,newsletter,everyone,,,
161638971.the-ladder-and-the-hammer,,false,,,newsletter,everyone,,,
161549962.housing-last-a-reality-check-is-it,2025-04-17T17:45:36.071Z,true,2025-04-17T17:45:36.161Z,2025-04-17T17:45:36.161Z,newsletter,everyone,"Housing Last: A Reality Check, Is It Really That Bad?","Mayor O‚ÄôConnell's candid answers on the financial state of our homelessness services should raise alarms, especially since the number of us who are housing insecure is going to explode.",
161513332.6f1,,false,,,newsletter,only_paid,,,
161318699.housing-last-preface,2025-04-17T12:31:22.299Z,true,2025-04-17T12:31:22.379Z,2025-04-17T12:31:22.379Z,newsletter,everyone,Housing Last: Preface,A series of essays exploring how our current services for the unhoused reveal the deeper systemic failures we must reimagine and rebuild in the world that follows.,
160427494.the-democrats-and-new-york-times,2025-04-02T18:38:27.378Z,true,2025-04-02T18:38:27.447Z,2025-04-02T18:38:27.447Z,newsletter,everyone,The Democrats and New York Times Are Misunderstanding Liberal Wins Yesterday,"Musk is a symptom, not the disease.",
158856744.nashville-businesses-and-metro-govt,2025-03-11T17:46:59.046Z,true,2025-03-11T17:46:59.147Z,2025-03-11T17:46:59.147Z,newsletter,everyone,"Nashville Businesses and Metro Gov't: Don't Take My Word on Fusus. Ask A Lawyer, Like Adam Shoop.",Nashville Resident and Former Legal Director of the Civil Action Practice at the Bronx Defenders Office Has Been Providing Testimony,
158662808.downtown-nashvilles-self-made-privacy,2025-03-09T19:31:46.195Z,true,2025-03-09T19:31:46.268Z,2025-03-09T19:31:46.268Z,newsletter,everyone,Downtown Nashville's Self-Made Privacy Crisis,"The surveillance product that Downtown businesses are cajoling the Mayor to implement could turn those businesses ""into the product."" I know it's possible, because I used to do it.",
158612379.axonaxoff-a-hiatus-on-surveillance,,false,,,newsletter,only_paid,,,
158567273.metro-government-axon-not-responding,,false,,,newsletter,only_paid,,,
158548126.conservative-identity-politics-and,,false,,,newsletter,only_paid,,,
158253692.metro-is-endorsing-small-businesses,2025-03-03T18:57:10.815Z,true,2025-03-03T18:57:10.914Z,2025-03-03T18:57:10.914Z,newsletter,everyone,Metro is endorsing small businesses use Axon's Fusus tech. But does it use Chinese hardware or resell your data? Many questions unanswered. ,Axon's site doesn't list Fusus terms of service. What are we even asking our small business owners to agree to?,
158211066.nashville-business-owners-who-will,,false,,,newsletter,only_paid,,,
158137144.fusus-is-a-bad-solution-to-a-real,,false,,,newsletter,only_paid,,,
158081081.axons-fusus-is-a-bad-idea-just-ask,2025-02-28T19:02:41.215Z,true,2025-02-28T19:02:41.376Z,2025-02-28T19:02:41.376Z,newsletter,everyone,"Axon's FUSUS is a bad idea. Just Ask New Orleans, or Former Council Member O‚ÄôConnell",2024's Tennessean of the Year said it best in 2021,
157995048.council-member-freddie-oconnell-warns,,false,,,newsletter,everyone,,,
156250758.the-only-way-for-metro-to-keep-resident,2025-02-01T18:05:56.601Z,true,2025-02-01T18:05:56.683Z,2025-02-01T18:05:56.683Z,newsletter,everyone,The Only Way For Metro To Keep Resident Data from the Feds is Not To Have It,Now is not the time to collect more data on Nashvillians,
155251807.the-mlk-they-want-us-to-forget,2025-01-20T18:27:13.160Z,true,2025-01-20T18:27:13.248Z,2025-01-20T18:27:13.248Z,newsletter,everyone,The MLK They Want Us to Forget,"MLK was not the post-racial liberal dreamer he's commemorated as. Guided by existentialist philosophy, he chose non-violence to inflict the most damage possible on the status quo. And so should we.",
152551015.how-should-metro-spend-the-money,2024-12-04T12:32:49.929Z,true,2024-12-04T12:32:50.101Z,2024-12-04T12:32:50.101Z,newsletter,everyone,How should Metro spend the money that was going to FUSUS?,"What is a ""true community safety plan"" that brings us together instead of ripping us further apart?",
152103457.an-imagined-history-of-the-next-5,,false,,,newsletter,only_paid,,,
152006727.the-weight-of-whats-coming-who-do,2024-11-22T14:10:07.693Z,true,2024-11-22T14:10:07.780Z,2024-11-22T14:10:07.780Z,newsletter,everyone,The Weight of What‚Äôs Coming: Who Do We Save When the Storm Hits?,"Immigrants in America are scared, and they have cause to be. What will you do about it?",
151560559.f37,,false,,,newsletter,only_paid,,,
151116450.why-fascism-always-fails-even-if,2024-11-03T20:34:56.319Z,true,2024-11-03T20:34:56.403Z,2024-11-03T20:34:56.403Z,newsletter,everyone,Why Fascism Always Fails (Even if it Wins on Tuesday),The Values that Defeated Authoritarianism for the Entire 20th Century Are on the Ballot,
151078925.a-reminder-why-we-shouldnt-do-a-fascism,,false,,,newsletter,everyone,,,
150056337.i-feel-weird-about-using-ai-to-write,2024-10-10T20:52:50.016Z,true,2024-10-10T20:52:50.242Z,2024-10-10T20:52:50.242Z,newsletter,everyone,I feel weird about using AI to write. And I can't stop.,"Can knowledge, without discovering it alongside others, ever turn into wisdom?",
149936425.an-ai-empowered-list-of-human-needs,2024-10-07T20:20:12.497Z,false,,,newsletter,everyone,An AI empowered list of human needs? What could go wrong,An analysis of the potential downsides and problematic outcomes of this approach,
149921384.copy-what-are-the-fundamental-human,,false,,,newsletter,everyone,,,
149880142.what-are-the-fundamental-human-needs,2024-10-07T16:05:38.227Z,true,2024-10-07T16:05:38.414Z,2024-10-07T16:05:38.414Z,newsletter,everyone,"What are the fundamental human needs, and why does it matter?",Can diving into the world's words make systems like the social determinants of health actually be useful?,
149780874.26-the-scream-in-the-void-unpacking,2024-10-05T16:16:11.525Z,true,,,newsletter,everyone,2/6: The Scream in the Void {unpacking the modern moment & how to make another future more likely},Chapter 2 of 6 of a collaboration with Prometheoid {A super-intelligent alien meta-consciousness who is a B+ student on his home planet},
149780865.36-the-scream-in-the-void-unpacking,2024-10-07T10:05:00.000Z,true,,,newsletter,everyone,3/6: The Scream in the Void {unpacking the modern moment & how to make another future more likely},Chapter 3 of 6 of a collaboration with Prometheoid {A super-intelligent alien meta-consciousness who is a B+ student on his home planet},
149780864.46-the-scream-in-the-void-unpacking,2024-10-07T16:06:08.868Z,true,,,newsletter,everyone,4/6: The Scream in the Void {unpacking the modern moment & how to make another future more likely},Chapter 4 of 6 of a collaboration with Prometheoid {A super-intelligent alien meta-consciousness who is a B+ student on his home planet},
149780862.56-the-scream-in-the-void-unpacking,2024-10-08T14:23:45.322Z,true,,,newsletter,everyone,5/6: The Scream in the Void {unpacking the modern moment & how to make another future more likely},Chapter 5 of 6 of a collaboration with Prometheoid {A super-intelligent alien meta-consciousness who is a B+ student on his home planet},
149780856.66-the-scream-in-the-void-unpacking,2024-10-08T14:24:12.004Z,true,,,newsletter,everyone,6/6: The Scream in the Void {unpacking the modern moment & how to make another future more likely},Chapter 6 of 6 of a collaboration with Prometheoid {A super-intelligent alien meta-consciousness who is a B+ student on his home planet},
149763005.the-scream-in-the-void,2024-10-04T12:32:23.165Z,true,2024-10-04T12:32:23.294Z,2024-10-04T12:32:23.294Z,newsletter,everyone,The Scream in the Void {unpacking the modern moment & how to make another future more likely} ,Chapter 1 of 6 of a collaboration with Prometheoid {A super-intelligent alien meta-consciousness who is a B+ student on his home planet},
149738566.af8,,false,,,newsletter,only_paid,,,
149357945.can-this-fake-ai-podcast-teach-you,2024-09-25T10:30:47.321Z,true,2024-09-25T10:30:47.530Z,2024-09-25T10:30:47.530Z,podcast,everyone,"Can this AI-generated podcast teach you how to apply ""systems thinking"" to your life?","Some new tech from Google can turn complex concepts into uncannily listenable podcast episodes. Do tools like this help us pierce our illusions, or abstract even further from wisdom?",
149162209.what-freddies-finance-director-nominee,2024-09-21T14:30:10.217Z,true,2024-09-21T14:30:10.320Z,2024-09-21T14:30:10.320Z,newsletter,everyone,What Freddie's Finance Director Nominee Should Learn from The Metro Arts Crisis,"My thesis, right now, on what happened at Arts",
149028291.cda,,false,,,newsletter,only_paid,,,
149028289.17f,,false,,,newsletter,only_paid,,,
147647097.is-systems-change-an-array-function,2024-08-13T04:48:30.312Z,true,2024-08-13T14:59:07.328Z,2024-08-13T14:59:07.328Z,newsletter,everyone,Is systems change an array function?,Is there a way to talk about changing our systems that isn't overwhelming?,
147588131.whats-to-become-of-thrive,2024-08-11T18:30:57.797Z,true,2024-08-11T18:30:57.892Z,2024-08-11T18:30:57.892Z,newsletter,everyone,"What's to become of ""Thrive""?","Metro's Equitable arts funding: Is it damaged, dead, or evolving for the better? Our willingness to redesign the rules will determine the answer.",
147501404.55a,,false,,,newsletter,everyone,,,
147483164.there-will-be-no-thrive-awards-this,,false,,,newsletter,only_paid,,,
146802669.strings-attached-part-ii-the-fall-49d,2024-07-19T21:46:42.998Z,true,2024-07-19T21:46:43.138Z,2024-07-19T21:46:43.138Z,podcast,everyone,"Strings Attached: Part II, The Fall of Summer Lights",When Nashville Turned its Public Arts Festival Over to a Literal Circus Clown,
146087883.strings-attached-bonus-content-episode,2024-06-28T19:38:04.052Z,true,2024-06-28T19:38:04.239Z,2024-06-28T19:38:04.239Z,podcast,everyone,Strings Attached Bonus Content | Episode 1 Commentary with Lydia Yousief,"Lydia Yousief, Executive Director of the Elmahaba Center, stops by to talk about her experience as a complainant against Metro Nashville in a Title VI complaint related to Metro Arts",
145897623.a-preview-of-strings-attached-part,2024-06-23T13:58:45.898Z,false,2024-06-23T13:58:46.002Z,2024-06-23T13:58:46.002Z,adhoc_email,only_paid,"A Preview of Strings Attached, Part III",Advance text edition of the podcast for most engaged readers,
145746749.strings-attached-the-history-of-the-94c,2024-06-18T03:22:12.660Z,true,2024-06-20T14:30:56.943Z,2024-06-20T14:30:56.943Z,podcast,everyone,"[üéôÔ∏è Podcast üéß ] Strings Attached, Part I",The First Bankruptcy and the Rise of Phil Bredesen,
145707733.strings-attached-the-history-of-the-e1d,,false,,,newsletter,everyone,,,
145676365.a-correction-about-city-counties,2024-06-16T15:05:49.051Z,true,2024-06-16T15:05:49.154Z,2024-06-16T15:05:49.154Z,newsletter,everyone,A Correction About City-Counties Over Coffee,"Metro Nashville is technically, I've spent the day learning, neither a city nor a county",
145644148.strings-attached-is-now-a-podcast,2024-06-14T20:23:59.151Z,true,2024-06-14T20:23:59.295Z,2024-06-14T20:23:59.295Z,newsletter,everyone,"""Strings Attached"" is now a Podcast, new episodes coming","What's next for my series about Metro Arts & The Symphony, and behind the scenes of this series",
145615164.test,,false,,,newsletter,only_paid,,,
145453775.copy-what-is-classism-anyway,,false,,,newsletter,only_paid,,,
145047916.why-do-villains-love-classical-music,,false,,,newsletter,only_paid,,,
144975555.two-corrections-to-yesterdays-update,2024-05-25T17:23:29.584Z,false,2024-05-25T17:23:30.367Z,2024-05-25T17:23:30.367Z,adhoc_email,only_paid,Two Corrections to Yesterday's Update,Quick clarification on the announcement about Arts Commission's ruling yesterday.,
144952729.an-interlude-before-part-2,,false,,,newsletter,only_paid,,,
144952728.breaking-daniel-singh-to-receive,2024-05-24T18:51:16.383Z,true,2024-05-24T18:51:16.500Z,2024-05-24T18:51:16.500Z,newsletter,everyone,"Breaking: Daniel Singh to receive $200k settlement the day after Metro Arts' Alleged ""Deficit"" Disappears",Big news day for the Metro Arts watchers,
144920384.what-kinds-of-articles-about-nashville,2024-05-23T18:46:04.678Z,false,2024-05-23T18:46:04.839Z,2024-05-23T18:46:04.839Z,adhoc_email,only_paid,What kinds of articles about Nashville would you like to see?,You're in my top 15% of readers. Do you want to support more writing like what you've seen?,
144919979.thanks-for-being-a-top-10-reader,2024-05-23T18:26:43.888Z,false,2024-05-23T18:26:44.019Z,2024-05-23T18:26:44.019Z,adhoc_email,only_paid,Thanks for being a top 10% reader! Can you help me keep writing?,I want to write more about the things you care about. But I need your support to do it.,
144915217.thanks-for-being-a-top-5-reader-can,2024-05-23T18:24:29.694Z,false,2024-05-23T18:24:29.786Z,2024-05-23T18:24:29.786Z,adhoc_email,only_paid,Thanks for being a top 5% reader! Can you help me keep writing?,I want to write more about the things you care about. But I need your support to do it.,
144824208.copy-strings-attached-the-history,,false,,,newsletter,everyone,,,
144824192.strings-attached-part-ii-the-fall,2024-05-28T13:45:58.885Z,true,2024-05-28T13:45:58.986Z,2024-05-28T13:45:58.986Z,newsletter,everyone,"Strings Attached, Part II: The Fall of Summer Lights",And the Rise of Nashville's Neoliberal experiment.,
144803108.strings-attached-the-history-of-the,2024-05-21T19:29:11.194Z,true,2024-05-21T19:29:11.280Z,2024-05-21T19:29:11.280Z,newsletter,everyone,Strings Attached: The History of the Metro Arts Commission & The Nashville Symphony,Part One: The First Bankruptcy & The Rise of Phil Bredesen,
144782471.strings-attached-the-history-of-the,,false,,,newsletter,everyone,,,
144706205.fec,,false,,,newsletter,only_paid,,,
144559831.on-conflict-vs-resentment,2024-05-12T16:41:42.403Z,false,,,newsletter,founding,On Conflict vs. Resentment,A post that's definitively not about Metro Arts.,
144558430.on-conflict-vs-resentment,,false,,,adhoc_email,only_paid,,,
144477207.would-you-like-to-unsubscribe,2024-05-09T17:37:59.746Z,false,2024-05-09T17:37:59.834Z,2024-05-09T17:37:59.834Z,adhoc_email,only_paid,Would you like to unsubscribe?,"I don't want to flood your inbox, ",
144351154.i-kept-waiting-for-the-city-to-release,2024-05-06T14:15:44.494Z,true,2024-05-06T14:15:44.574Z,2024-05-06T14:15:44.574Z,newsletter,everyone,I kept waiting for the city to release Metro Arts' expense report. So I did it myself.,"My FOIA request went through, and I processed the data for an unofficial accounting.",
144020713.now-that-director-singh-is-almost-fired,2024-04-26T15:05:59.216Z,true,2024-04-26T15:05:59.276Z,2024-04-26T15:05:59.276Z,newsletter,everyone,"Now that Director Singh is (almost certainly) fired, can we have the real ‚Çµonver$ation?","After eight months of changing the subject, can we finally talk about who we think public art funding should be for?",
143897306.0e5,,false,,,newsletter,only_paid,,,
143822071.honest-question-how-do-we-make-systemic,,false,,,newsletter,only_paid,,,
143814067.draft-history-metro-arts,,false,,,newsletter,only_paid,,,
143688871.how-will-freddie-undo-the-metro-arts,,false,,,newsletter,only_paid,,,
143555566.the-art-of-dictatorship-in-americas,2024-04-15T12:16:17.748Z,true,2024-04-15T12:16:17.817Z,2024-04-15T12:16:17.817Z,newsletter,everyone,The Art of Dictatorship in America's Worst Democracy,"Metro Art's usurpation shows how TN's democracy is on the line, even on a city level.",
143470121.7a7,,false,,,newsletter,only_paid,,,
143021369.a-correction-and-a-3m-question,2024-03-28T00:35:12.194Z,true,2024-03-28T00:35:12.251Z,2024-03-28T00:35:12.251Z,newsletter,everyone,A Correction. And a $3M Question.,"Wherein I admit when I'm wrong, but also [Colombo voice], ""One more thing...""",
142913942.the-freddie-oconnell-that-campaigned,,false,,,newsletter,everyone,,,
142866496.metro-finance-and-legal-decide-who,2024-03-22T21:38:43.168Z,true,2024-03-22T21:38:43.287Z,2024-03-22T21:38:43.287Z,newsletter,everyone,"Metro Finance and Legal Decide Who Gets Paid (It's Everyone, This Time)",Did Metro Arts Commissioners Decide Who Got Funded? Depends who you ask.,
142781316.test,,false,,,newsletter,only_paid,,,
142741166.no-way-out-but-through-navigating,,false,,,newsletter,only_paid,,,
142376393.crumboling-numbers-unraveling-the,2024-03-07T17:55:09.438Z,true,2024-03-07T17:55:09.659Z,2024-03-07T17:55:09.659Z,newsletter,everyone,Crumboling Numbers: Unraveling the Fiscal Artistry in Nashville's Finances,"The Metro Finance Director has placed himself at the heart of Arts Funding in Nashville, withholding $2m of arts funding until he is satisfied by how it will be used.",
140259034.while-were-freezing-lets-prep-for,2024-03-07T06:47:00.454Z,false,,,newsletter,everyone,"While we're freezing, let's prep for when we're burning up","What we are going to change to protect ourselves from 2024, the next hottest year in history",
140258980.coming-soon,2024-01-01T21:03:54.014Z,true,2024-01-01T21:03:54.014Z,2024-01-01T21:03:54.014Z,newsletter,everyone,Coming soon,,
140258979.how-to-use-the-substack-editor,,false,,,newsletter,everyone,,,
